Element,Component,forces,Loadcase
1,Mx_i,-3.933268204403444,point
1,Mx_j,1.672245999095221,point
1,My_i,-0.0,point
1,My_j,0.0,point
1,Mz_i,-4.1597931283397435e-12,point
1,Mz_j,4.1597931283397435e-12,point
1,Vx_i,0.0,point
1,Vx_j,0.0,point
1,Vy_i,1.8841851710901858,point
1,Vy_j,-1.8841851710901858,point
1,Vz_i,0.0,point
1,Vz_j,0.0,point
1,ddtheta_x,,point
1,ddtheta_y,,point
1,ddtheta_z,,point
1,ddx,,point
1,ddy,,point
1,ddz,,point
1,dtheta_x,,point
1,dtheta_y,,point
1,dtheta_z,,point
1,dx,,point
1,dy,,point
1,dz,,point
1,theta_x,,point
1,theta_y,,point
1,theta_z,,point
1,x,,point
1,y,,point
1,z,,point
2,Mx_i,-6.34110997769228,point
2,Mx_j,-2.2480747547079902,point
2,My_i,-0.0,point
2,My_j,0.0,point
2,Mz_i,-6.3534861796239506e-12,point
2,Mz_j,6.3534861796239506e-12,point
2,Vx_i,0.0,point
2,Vx_j,0.0,point
2,Vy_i,2.1608011905409485,point
2,Vy_j,-2.1608011905409485,point
2,Vz_i,0.0,point
2,Vz_j,0.0,point
2,ddtheta_x,,point
2,ddtheta_y,,point
2,ddtheta_z,,point
2,ddx,,point
2,ddy,,point
2,ddz,,point
2,dtheta_x,,point
2,dtheta_y,,point
2,dtheta_z,,point
2,dx,,point
2,dy,,point
2,dz,,point
2,theta_x,,point
2,theta_y,,point
2,theta_z,,point
2,x,,point
2,y,,point
2,z,,point
3,Mx_i,-4.122797168134912,point
3,Mx_j,-10.090554804546125,point
3,My_i,-0.0,point
3,My_j,0.0,point
3,Mz_i,-6.512389611379464e-12,point
3,Mz_j,6.512389611379464e-12,point
3,Vx_i,0.0,point
3,Vx_j,0.0,point
3,Vy_i,3.5756860308631526,point
3,Vy_j,-3.5756860308631526,point
3,Vz_i,0.0,point
3,Vz_j,0.0,point
3,ddtheta_x,,point
3,ddtheta_y,,point
3,ddtheta_z,,point
3,ddx,,point
3,ddy,,point
3,ddz,,point
3,dtheta_x,,point
3,dtheta_y,,point
3,dtheta_z,,point
3,dx,,point
3,dy,,point
3,dz,,point
3,theta_x,,point
3,theta_y,,point
3,theta_z,,point
3,x,,point
3,y,,point
3,z,,point
4,Mx_i,6.188878877442322,point
4,Mx_j,-2.7258297614219407,point
4,My_i,0.0,point
4,My_j,0.0,point
4,Mz_i,-2.8921168720759426e-12,point
4,Mz_j,2.8921168720759426e-12,point
4,Vx_i,0.0,point
4,Vx_j,0.0,point
4,Vy_i,-2.8858742633503196,point
4,Vy_j,2.8858742633503196,point
4,Vz_i,0.0,point
4,Vz_j,0.0,point
4,ddtheta_x,,point
4,ddtheta_y,,point
4,ddtheta_z,,point
4,ddx,,point
4,ddy,,point
4,ddz,,point
4,dtheta_x,,point
4,dtheta_y,,point
4,dtheta_z,,point
4,dx,,point
4,dy,,point
4,dz,,point
4,theta_x,,point
4,theta_y,,point
4,theta_z,,point
4,x,,point
4,y,,point
4,z,,point
5,Mx_i,-3.0299943639650397,point
5,Mx_j,1.3611950873477725,point
5,My_i,0.0,point
5,My_j,0.0,point
5,Mz_i,3.172918923997105e-12,point
5,Mz_j,-3.172918923997105e-12,point
5,Vx_i,0.0,point
5,Vx_j,0.0,point
5,Vy_i,1.3906660638477228,point
5,Vy_j,-1.3906660638477228,point
5,Vz_i,0.0,point
5,Vz_j,0.0,point
5,ddtheta_x,,point
5,ddtheta_y,,point
5,ddtheta_z,,point
5,ddx,,point
5,ddy,,point
5,ddz,,point
5,dtheta_x,,point
5,dtheta_y,,point
5,dtheta_z,,point
5,dx,,point
5,dy,,point
5,dz,,point
5,theta_x,,point
5,theta_y,,point
5,theta_z,,point
5,x,,point
5,y,,point
5,z,,point
6,Mx_i,-4.953191056688048,point
6,Mx_j,-1.7961168043162012,point
6,My_i,0.0,point
6,My_j,-0.0,point
6,Mz_i,4.862117054575423e-12,point
6,Mz_j,-4.862117054575423e-12,point
6,Vx_i,0.0,point
6,Vx_j,0.0,point
6,Vy_i,1.697939084529371,point
6,Vy_j,-1.697939084529371,point
6,Vz_i,0.0,point
6,Vz_j,0.0,point
6,ddtheta_x,,point
6,ddtheta_y,,point
6,ddtheta_z,,point
6,ddx,,point
6,ddy,,point
6,ddz,,point
6,dtheta_x,,point
6,dtheta_y,,point
6,dtheta_z,,point
6,dx,,point
6,dy,,point
6,dz,,point
6,theta_x,,point
6,theta_y,,point
6,theta_z,,point
6,x,,point
6,y,,point
6,z,,point
7,Mx_i,-3.1114295616636216,point
7,Mx_j,-7.583816571382889,point
7,My_i,0.0,point
7,My_j,-0.0,point
7,Mz_i,5.014459001308159e-12,point
7,Mz_j,-5.014459001308159e-12,point
7,Vx_i,0.0,point
7,Vx_j,0.0,point
7,Vy_i,2.6906279579991215,point
7,Vy_j,-2.6906279579991215,point
7,Vz_i,0.0,point
7,Vz_j,0.0,point
7,ddtheta_x,,point
7,ddtheta_y,,point
7,ddtheta_z,,point
7,ddx,,point
7,ddy,,point
7,ddz,,point
7,dtheta_x,,point
7,dtheta_y,,point
7,dtheta_z,,point
7,dx,,point
7,dy,,point
7,dz,,point
7,theta_x,,point
7,theta_y,,point
7,theta_z,,point
7,x,,point
7,y,,point
7,z,,point
8,Mx_i,4.416867441985993,point
8,Mx_j,-2.309243084626527,point
8,My_i,0.0,point
8,My_j,-0.0,point
8,Mz_i,2.3889875817954944e-12,point
8,Mz_j,-2.3889875817954944e-12,point
8,Vx_i,0.0,point
8,Vx_j,0.0,point
8,Vy_i,-1.756353631132889,point
8,Vy_j,1.756353631132889,point
8,Vz_i,0.0,point
8,Vz_j,0.0,point
8,ddtheta_x,,point
8,ddtheta_y,,point
8,ddtheta_z,,point
8,ddx,,point
8,ddy,,point
8,ddz,,point
8,dtheta_x,,point
8,dtheta_y,,point
8,dtheta_z,,point
8,dx,,point
8,dy,,point
8,dz,,point
8,theta_x,,point
8,theta_y,,point
8,theta_z,,point
8,x,,point
8,y,,point
8,z,,point
9,Mx_i,-0.899549553038528,point
9,Mx_j,1.2167110981832063,point
9,My_i,-0.0,point
9,My_j,0.0,point
9,Mz_i,-1.32311188747215e-11,point
9,Mz_j,1.32311188747215e-11,point
9,Vx_i,0.0,point
9,Vx_j,0.0,point
9,Vy_i,-0.26430128762056526,point
9,Vy_j,0.26430128762056526,point
9,Vz_i,0.0,point
9,Vz_j,0.0,point
9,ddtheta_x,,point
9,ddtheta_y,,point
9,ddtheta_z,,point
9,ddx,,point
9,ddy,,point
9,ddz,,point
9,dtheta_x,,point
9,dtheta_y,,point
9,dtheta_z,,point
9,dx,,point
9,dy,,point
9,dz,,point
9,theta_x,,point
9,theta_y,,point
9,theta_z,,point
9,x,,point
9,y,,point
9,z,,point
10,Mx_i,-1.594965924389613,point
10,Mx_j,0.37664215094204834,point
10,My_i,-0.0,point
10,My_j,0.0,point
10,Mz_i,-1.6393798836335075e-11,point
10,Mz_j,1.6393798836335075e-11,point
10,Vx_i,0.0,point
10,Vx_j,0.0,point
10,Vy_i,0.3064965467792616,point
10,Vy_j,-0.3064965467792616,point
10,Vz_i,0.0,point
10,Vz_j,0.0,point
10,ddtheta_x,,point
10,ddtheta_y,,point
10,ddtheta_z,,point
10,ddx,,point
10,ddy,,point
10,ddz,,point
10,dtheta_x,,point
10,dtheta_y,,point
10,dtheta_z,,point
10,dx,,point
10,dy,,point
10,dz,,point
10,theta_x,,point
10,theta_y,,point
10,theta_z,,point
10,x,,point
10,y,,point
10,z,,point
11,Mx_i,0.5400617280215736,point
11,Mx_j,-2.4029648026400805,point
11,My_i,0.0,point
11,My_j,0.0,point
11,Mz_i,-1.608179328863743e-11,point
11,Mz_j,1.608179328863743e-11,point
11,Vx_i,0.0,point
11,Vx_j,0.0,point
11,Vy_i,0.4686548615392469,point
11,Vy_j,-0.4686548615392469,point
11,Vz_i,0.0,point
11,Vz_j,0.0,point
11,ddtheta_x,,point
11,ddtheta_y,,point
11,ddtheta_z,,point
11,ddx,,point
11,ddy,,point
11,ddz,,point
11,dtheta_x,,point
11,dtheta_y,,point
11,dtheta_z,,point
11,dx,,point
11,dy,,point
11,dz,,point
11,theta_x,,point
11,theta_y,,point
11,theta_z,,point
11,x,,point
11,y,,point
11,z,,point
12,Mx_i,1.8938529333616942,point
12,Mx_j,-1.362067182000092,point
12,My_i,0.0,point
12,My_j,0.0,point
12,Mz_i,-1.0855505858123806e-11,point
12,Mz_j,1.0855505858123806e-11,point
12,Vx_i,0.0,point
12,Vx_j,0.0,point
12,Vy_i,-0.44315479280133546,point
12,Vy_j,0.44315479280133546,point
12,Vz_i,0.0,point
12,Vz_j,0.0,point
12,ddtheta_x,,point
12,ddtheta_y,,point
12,ddtheta_z,,point
12,ddx,,point
12,ddy,,point
12,ddz,,point
12,dtheta_x,,point
12,dtheta_y,,point
12,dtheta_z,,point
12,dx,,point
12,dy,,point
12,dz,,point
12,theta_x,,point
12,theta_y,,point
12,theta_z,,point
12,x,,point
12,y,,point
12,z,,point
13,Mx_i,3.9332682044034377,point
13,Mx_j,-3.9332682044034377,point
13,My_i,0.0,point
13,My_j,0.0,point
13,Mz_i,4.18243217836789e-12,point
13,Mz_j,-5.233889568258435,point
13,Vx_i,0.0,point
13,Vx_j,0.0,point
13,Vy_i,-1.8841851710901623,point
13,Vy_j,1.8841851710901623,point
13,Vz_i,0.0,point
13,Vz_j,0.0,point
13,ddtheta_x,,point
13,ddtheta_y,,point
13,ddtheta_z,,point
13,ddx,,point
13,ddy,,point
13,ddz,,point
13,dtheta_x,,point
13,dtheta_y,,point
13,dtheta_z,,point
13,dx,,point
13,dy,,point
13,dz,,point
13,theta_x,,point
13,theta_y,,point
13,theta_z,,point
13,x,,point
13,y,,point
13,z,,point
14,Mx_i,4.668863978597065,point
14,Mx_j,-4.668863978597065,point
14,My_i,0.0,point
14,My_j,0.0,point
14,Mz_i,2.1391777238477516e-12,point
14,Mz_j,-4.49143680195667,point
14,Vx_i,0.0,point
14,Vx_j,0.0,point
14,Vy_i,-1.6169043134691234,point
14,Vy_j,1.6169043134691234,point
14,Vz_i,0.0,point
14,Vz_j,0.0,point
14,ddtheta_x,,point
14,ddtheta_y,,point
14,ddtheta_z,,point
14,ddx,,point
14,ddy,,point
14,ddz,,point
14,dtheta_x,,point
14,dtheta_y,,point
14,dtheta_z,,point
14,dx,,point
14,dy,,point
14,dz,,point
14,theta_x,,point
14,theta_y,,point
14,theta_z,,point
14,x,,point
14,y,,point
14,z,,point
15,Mx_i,6.370871922842899,point
15,Mx_j,-6.370871922842899,point
15,My_i,0.0,point
15,My_j,0.0,point
15,Mz_i,1.1901590823981678e-13,point
15,Mz_j,-6.326409811754969,point
15,Vx_i,0.0,point
15,Vx_j,0.0,point
15,Vy_i,-2.2774893123172473,point
15,Vy_j,2.2774893123172473,point
15,Vz_i,0.0,point
15,Vz_j,0.0,point
15,ddtheta_x,,point
15,ddtheta_y,,point
15,ddtheta_z,,point
15,ddx,,point
15,ddy,,point
15,ddz,,point
15,dtheta_x,,point
15,dtheta_y,,point
15,dtheta_z,,point
15,dx,,point
15,dy,,point
15,dz,,point
15,theta_x,,point
15,theta_y,,point
15,theta_z,,point
15,x,,point
15,y,,point
15,z,,point
16,Mx_i,3.9016759271038066,point
16,Mx_j,-3.9016759271038066,point
16,My_i,0.0,point
16,My_j,0.0,point
16,Mz_i,-3.6566305539054156e-12,point
16,Mz_j,-9.265526734150084,point
16,Vx_i,0.0,point
16,Vx_j,0.0,point
16,Vy_i,-3.3355629397918287,point
16,Vy_j,3.3355629397918287,point
16,Vz_i,0.0,point
16,Vz_j,0.0,point
16,ddtheta_x,,point
16,ddtheta_y,,point
16,ddtheta_z,,point
16,ddx,,point
16,ddy,,point
16,ddz,,point
16,dtheta_x,,point
16,dtheta_y,,point
16,dtheta_z,,point
16,dx,,point
16,dy,,point
16,dz,,point
16,theta_x,,point
16,theta_y,,point
16,theta_z,,point
16,x,,point
16,y,,point
16,z,,point
17,Mx_i,2.7258297614219575,point
17,Mx_j,-2.7258297614219575,point
17,My_i,0.0,point
17,My_j,0.0,point
17,Mz_i,-2.9389823907877144e-12,point
17,Mz_j,-8.016381528731582,point
17,Vx_i,0.0,point
17,Vx_j,0.0,point
17,Vy_i,-2.8858742633503205,point
17,Vy_j,2.8858742633503205,point
17,Vz_i,0.0,point
17,Vz_j,0.0,point
17,ddtheta_x,,point
17,ddtheta_y,,point
17,ddtheta_z,,point
17,ddx,,point
17,ddy,,point
17,ddz,,point
17,dtheta_x,,point
17,dtheta_y,,point
17,dtheta_z,,point
17,dx,,point
17,dy,,point
17,dz,,point
17,theta_x,,point
17,theta_y,,point
17,theta_z,,point
17,x,,point
17,y,,point
17,z,,point
18,Mx_i,1.0786704583198223,point
18,Mx_j,-0.7258449936861474,point
18,My_i,0.0,point
18,My_j,0.0,point
18,Mz_i,-1.3022335586590148e-11,point
18,Mz_j,1.3022335586590148e-11,point
18,Vx_i,0.0,point
18,Vx_j,0.0,point
18,Vy_i,-0.29402122052806245,point
18,Vy_j,0.29402122052806245,point
18,Vz_i,0.0,point
18,Vz_j,0.0,point
18,ddtheta_x,,point
18,ddtheta_y,,point
18,ddtheta_z,,point
18,ddx,,point
18,ddy,,point
18,ddz,,point
18,dtheta_x,,point
18,dtheta_y,,point
18,dtheta_z,,point
18,dx,,point
18,dy,,point
18,dz,,point
18,theta_x,,point
18,theta_y,,point
18,theta_z,,point
18,x,,point
18,y,,point
18,z,,point
19,Mx_i,1.9147990194087432,point
19,Mx_j,1.6381870829925427,point
19,My_i,0.0,point
19,My_j,0.0,point
19,Mz_i,-1.3412378104503948e-11,point
19,Mz_j,1.3412378104503948e-11,point
19,Vx_i,0.0,point
19,Vx_j,0.0,point
19,Vy_i,-0.8938329817361725,point
19,Vy_j,0.8938329817361725,point
19,Vz_i,0.0,point
19,Vz_j,0.0,point
19,ddtheta_x,,point
19,ddtheta_y,,point
19,ddtheta_z,,point
19,ddx,,point
19,ddy,,point
19,ddz,,point
19,dtheta_x,,point
19,dtheta_y,,point
19,dtheta_z,,point
19,dx,,point
19,dy,,point
19,dz,,point
19,theta_x,,point
19,theta_y,,point
19,theta_z,,point
19,x,,point
19,y,,point
19,z,,point
20,Mx_i,-0.03014905114475286,point
20,Mx_j,2.789636695178478,point
20,My_i,-0.0,point
20,My_j,0.0,point
20,Mz_i,-1.2101324168734934e-11,point
20,Mz_j,1.2101324168734934e-11,point
20,Vx_i,0.0,point
20,Vx_j,0.0,point
20,Vy_i,-0.6942107280587986,point
20,Vy_j,0.6942107280587986,point
20,Vz_i,0.0,point
20,Vz_j,0.0,point
20,ddtheta_x,,point
20,ddtheta_y,,point
20,ddtheta_z,,point
20,ddx,,point
20,ddy,,point
20,ddz,,point
20,dtheta_x,,point
20,dtheta_y,,point
20,dtheta_z,,point
20,dx,,point
20,dy,,point
20,dz,,point
20,theta_x,,point
20,theta_y,,point
20,theta_z,,point
20,x,,point
20,y,,point
20,z,,point
21,Mx_i,-1.408575222178299,point
21,Mx_j,1.2430014098278868,point
21,My_i,-0.0,point
21,My_j,0.0,point
21,Mz_i,-1.0818475826536704e-11,point
21,Mz_j,1.0818475826536704e-11,point
21,Vx_i,0.0,point
21,Vx_j,0.0,point
21,Vy_i,0.13797817695867695,point
21,Vy_j,-0.13797817695867695,point
21,Vz_i,0.0,point
21,Vz_j,0.0,point
21,ddtheta_x,,point
21,ddtheta_y,,point
21,ddtheta_z,,point
21,ddx,,point
21,ddy,,point
21,ddz,,point
21,dtheta_x,,point
21,dtheta_y,,point
21,dtheta_z,,point
21,dx,,point
21,dy,,point
21,dz,,point
21,theta_x,,point
21,theta_y,,point
21,theta_z,,point
21,x,,point
21,y,,point
21,z,,point
22,Mx_i,4.832817757442337,point
22,Mx_j,-4.832817757442337,point
22,My_i,0.0,point
22,My_j,0.0,point
22,Mz_i,5.233889568271627,point
22,Mz_j,-9.733603019773462,point
22,Vx_i,0.0,point
22,Vx_j,0.0,point
22,Vy_i,-1.6198838834695928,point
22,Vy_j,1.6198838834695928,point
22,Vz_i,0.0,point
22,Vz_j,0.0,point
22,ddtheta_x,,point
22,ddtheta_y,,point
22,ddtheta_z,,point
22,ddx,,point
22,ddy,,point
22,ddz,,point
22,dtheta_x,,point
22,dtheta_y,,point
22,dtheta_z,,point
22,dx,,point
22,dy,,point
22,dz,,point
22,theta_x,,point
22,theta_y,,point
22,theta_z,,point
22,x,,point
22,y,,point
22,z,,point
23,Mx_i,5.047118804803742,point
23,Mx_j,-5.047118804803742,point
23,My_i,0.0,point
23,My_j,0.0,point
23,Mz_i,4.4914368019598605,point
23,Mz_j,-10.568435828305033,point
23,Vx_i,0.0,point
23,Vx_j,0.0,point
23,Vy_i,-2.187702147867079,point
23,Vy_j,2.187702147867079,point
23,Vz_i,0.0,point
23,Vz_j,0.0,point
23,ddtheta_x,,point
23,ddtheta_y,,point
23,ddtheta_z,,point
23,ddx,,point
23,ddy,,point
23,ddz,,point
23,dtheta_x,,point
23,dtheta_y,,point
23,dtheta_z,,point
23,dx,,point
23,dy,,point
23,dz,,point
23,theta_x,,point
23,theta_y,,point
23,theta_z,,point
23,x,,point
23,y,,point
23,z,,point
24,Mx_i,5.454168043879295,point
24,Mx_j,-5.454168043879295,point
24,My_i,0.0,point
24,My_j,0.0,point
24,Mz_i,6.326409811754573,point
24,Mz_j,-13.103262990249593,point
24,Vx_i,0.0,point
24,Vx_j,0.0,point
24,Vy_i,-2.4396476270771905,point
24,Vy_j,2.4396476270771905,point
24,Vz_i,0.0,point
24,Vz_j,0.0,point
24,ddtheta_x,,point
24,ddtheta_y,,point
24,ddtheta_z,,point
24,ddx,,point
24,ddy,,point
24,ddz,,point
24,dtheta_x,,point
24,dtheta_y,,point
24,dtheta_z,,point
24,dx,,point
24,dy,,point
24,dz,,point
24,theta_x,,point
24,theta_y,,point
24,theta_z,,point
24,x,,point
24,y,,point
24,z,,point
25,Mx_i,4.410787796383736,point
25,Mx_j,-4.410787796383736,point
25,My_i,0.0,point
25,My_j,0.0,point
25,Mz_i,9.265526734144707,point
25,Mz_j,-15.9982286104699,point
25,Vx_i,0.0,point
25,Vx_j,0.0,point
25,Vy_i,-2.4237532854507857,point
25,Vy_j,2.4237532854507857,point
25,Vz_i,0.0,point
25,Vz_j,0.0,point
25,ddtheta_x,,point
25,ddtheta_y,,point
25,ddtheta_z,,point
25,ddx,,point
25,ddy,,point
25,ddz,,point
25,dtheta_x,,point
25,dtheta_y,,point
25,dtheta_z,,point
25,dx,,point
25,dy,,point
25,dz,,point
25,theta_x,,point
25,theta_y,,point
25,theta_z,,point
25,x,,point
25,y,,point
25,z,,point
26,Mx_i,4.087896943421524,point
26,Mx_j,-4.087896943421524,point
26,My_i,0.0,point
26,My_j,0.0,point
26,Mz_i,8.016381528720684,point
26,Mz_j,-17.2637584408897,point
26,Vx_i,0.0,point
26,Vx_j,0.0,point
26,Vy_i,-3.329029056148396,point
26,Vy_j,3.329029056148396,point
26,Vz_i,0.0,point
26,Vz_j,0.0,point
26,ddtheta_x,,point
26,ddtheta_y,,point
26,ddtheta_z,,point
26,ddx,,point
26,ddy,,point
26,ddz,,point
26,dtheta_x,,point
26,dtheta_y,,point
26,dtheta_z,,point
26,dx,,point
26,dy,,point
26,dz,,point
26,theta_x,,point
26,theta_y,,point
26,theta_z,,point
26,x,,point
26,y,,point
26,z,,point
27,Mx_i,2.3537958017229905,point
27,Mx_j,-1.3537181331035315,point
27,My_i,0.0,point
27,My_j,0.0,point
27,Mz_i,-7.604066590482114e-12,point
27,Mz_j,7.604066590482114e-12,point
27,Vx_i,0.0,point
27,Vx_j,0.0,point
27,Vy_i,-0.8333980571828825,point
27,Vy_j,0.8333980571828825,point
27,Vz_i,0.0,point
27,Vz_j,0.0,point
27,ddtheta_x,,point
27,ddtheta_y,,point
27,ddtheta_z,,point
27,ddx,,point
27,ddy,,point
27,ddz,,point
27,dtheta_x,,point
27,dtheta_y,,point
27,dtheta_z,,point
27,dx,,point
27,dy,,point
27,dz,,point
27,theta_x,,point
27,theta_y,,point
27,theta_z,,point
27,x,,point
27,y,,point
27,z,,point
28,Mx_i,3.791350931216419,point
28,Mx_j,3.581207194416094,point
28,My_i,0.0,point
28,My_j,0.0,point
28,Mz_i,-7.961120553462914e-12,point
28,Mz_j,7.961120553462914e-12,point
28,Vx_i,0.0,point
28,Vx_j,0.0,point
28,Vy_i,-1.8547316039327078,point
28,Vy_j,1.8547316039327078,point
28,Vz_i,0.0,point
28,Vz_j,0.0,point
28,ddtheta_x,,point
28,ddtheta_y,,point
28,ddtheta_z,,point
28,ddx,,point
28,ddy,,point
28,ddz,,point
28,dtheta_x,,point
28,dtheta_y,,point
28,dtheta_z,,point
28,dx,,point
28,dy,,point
28,dz,,point
28,theta_x,,point
28,theta_y,,point
28,theta_z,,point
28,x,,point
28,y,,point
28,z,,point
29,Mx_i,-1.1607440978732741,point
29,Mx_j,6.168051513688495,point
29,My_i,-0.0,point
29,My_j,0.0,point
29,Mz_i,-6.982467036060157e-12,point
29,Mz_j,6.982467036060157e-12,point
29,Vx_i,0.0,point
29,Vx_j,0.0,point
29,Vy_i,-1.259699978821439,point
29,Vy_j,1.259699978821439,point
29,Vz_i,0.0,point
29,Vz_j,0.0,point
29,ddtheta_x,,point
29,ddtheta_y,,point
29,ddtheta_z,,point
29,ddx,,point
29,ddy,,point
29,ddz,,point
29,dtheta_x,,point
29,dtheta_y,,point
29,dtheta_z,,point
29,dx,,point
29,dy,,point
29,dz,,point
29,theta_x,,point
29,theta_y,,point
29,theta_z,,point
29,x,,point
29,y,,point
29,z,,point
30,Mx_i,-4.357956403995648,point
30,Mx_j,1.675097194154643,point
30,My_i,-0.0,point
30,My_j,0.0,point
30,Mz_i,-5.505722300795785e-12,point
30,Mz_j,5.505722300795785e-12,point
30,Vx_i,0.0,point
30,Vx_j,0.0,point
30,Vy_i,2.2357160082008387,point
30,Vy_j,-2.2357160082008387,point
30,Vz_i,0.0,point
30,Vz_j,0.0,point
30,ddtheta_x,,point
30,ddtheta_y,,point
30,ddtheta_z,,point
30,ddx,,point
30,ddy,,point
30,ddz,,point
30,dtheta_x,,point
30,dtheta_y,,point
30,dtheta_z,,point
30,dx,,point
30,dy,,point
30,dz,,point
30,theta_x,,point
30,theta_y,,point
30,theta_z,,point
30,x,,point
30,y,,point
30,z,,point
31,Mx_i,3.7541472991228333,point
31,Mx_j,-3.7541472991228333,point
31,My_i,0.0,point
31,My_j,0.0,point
31,Mz_i,9.733603019786736,point
31,Mz_j,-13.41645173864186,point
31,Vx_i,0.0,point
31,Vx_j,0.0,point
31,Vy_i,-1.3258626629424068,point
31,Vy_j,1.3258626629424068,point
31,Vz_i,0.0,point
31,Vz_j,0.0,point
31,ddtheta_x,,point
31,ddtheta_y,,point
31,ddtheta_z,,point
31,ddx,,point
31,ddy,,point
31,ddz,,point
31,dtheta_x,,point
31,dtheta_y,,point
31,dtheta_z,,point
31,dx,,point
31,dy,,point
31,dz,,point
31,theta_x,,point
31,theta_y,,point
31,theta_z,,point
31,x,,point
31,y,,point
31,z,,point
32,Mx_i,3.8581647790792655,point
32,Mx_j,-3.8581647790792655,point
32,My_i,0.0,point
32,My_j,0.0,point
32,Mz_i,10.568435828305345,point
32,Mz_j,-14.97911895534286,point
32,Vx_i,0.0,point
32,Vx_j,0.0,point
32,Vy_i,-1.5878903866643324,point
32,Vy_j,1.5878903866643324,point
32,Vz_i,0.0,point
32,Vz_j,0.0,point
32,ddtheta_x,,point
32,ddtheta_y,,point
32,ddtheta_z,,point
32,ddx,,point
32,ddy,,point
32,ddz,,point
32,dtheta_x,,point
32,dtheta_y,,point
32,dtheta_z,,point
32,dx,,point
32,dy,,point
32,dz,,point
32,theta_x,,point
32,theta_y,,point
32,theta_z,,point
32,x,,point
32,y,,point
32,z,,point
33,Mx_i,3.8461300120314954,point
33,Mx_j,-3.8461300120314954,point
33,My_i,0.0,point
33,My_j,0.0,point
33,Mz_i,13.10326299024835,point
33,Mz_j,-20.434362938017554,point
33,Vx_i,0.0,point
33,Vx_j,0.0,point
33,Vy_i,-2.6392698807535746,point
33,Vy_j,2.6392698807535746,point
33,Vz_i,0.0,point
33,Vz_j,0.0,point
33,ddtheta_x,,point
33,ddtheta_y,,point
33,ddtheta_z,,point
33,ddx,,point
33,ddy,,point
33,ddz,,point
33,dtheta_x,,point
33,dtheta_y,,point
33,dtheta_z,,point
33,dx,,point
33,dy,,point
33,dz,,point
33,theta_x,,point
33,theta_y,,point
33,theta_z,,point
33,x,,point
33,y,,point
33,z,,point
34,Mx_i,3.02972632338275,point
34,Mx_j,-3.02972632338275,point
34,My_i,0.0,point
34,My_j,0.0,point
34,Mz_i,15.998228610468292,point
34,Mz_j,-25.04225923291561,point
34,Vx_i,0.0,point
34,Vx_j,0.0,point
34,Vy_i,-3.2559421904623687,point
34,Vy_j,3.2559421904623687,point
34,Vz_i,0.0,point
34,Vz_j,0.0,point
34,ddtheta_x,,point
34,ddtheta_y,,point
34,ddtheta_z,,point
34,ddx,,point
34,ddy,,point
34,ddz,,point
34,dtheta_x,,point
34,dtheta_y,,point
34,dtheta_z,,point
34,dx,,point
34,dy,,point
34,dz,,point
34,theta_x,,point
34,theta_y,,point
34,theta_z,,point
34,x,,point
34,y,,point
34,z,,point
35,Mx_i,2.844895533592678,point
35,Mx_j,-2.844895533592678,point
35,My_i,0.0,point
35,My_j,0.0,point
35,Mz_i,17.263758440878732,point
35,Mz_j,-26.127540468013123,point
35,Vx_i,0.0,point
35,Vx_j,0.0,point
35,Vy_i,-3.1910508791929986,point
35,Vy_j,3.1910508791929986,point
35,Vz_i,0.0,point
35,Vz_j,0.0,point
35,ddtheta_x,,point
35,ddtheta_y,,point
35,ddtheta_z,,point
35,ddx,,point
35,ddy,,point
35,ddz,,point
35,dtheta_x,,point
35,dtheta_y,,point
35,dtheta_z,,point
35,dx,,point
35,dy,,point
35,dz,,point
35,theta_x,,point
35,theta_y,,point
35,theta_z,,point
35,x,,point
35,y,,point
35,z,,point
36,Mx_i,2.539299989345294,point
36,Mx_j,-1.5374289292228793,point
36,My_i,0.0,point
36,My_j,0.0,point
36,Mz_i,-7.551407123510861e-14,point
36,Mz_j,7.551407123510861e-14,point
36,Vx_i,0.0,point
36,Vx_j,0.0,point
36,Vy_i,-0.8348925501020121,point
36,Vy_j,0.8348925501020121,point
36,Vz_i,0.0,point
36,Vz_j,0.0,point
36,ddtheta_x,,point
36,ddtheta_y,,point
36,ddtheta_z,,point
36,ddx,,point
36,ddy,,point
36,ddz,,point
36,dtheta_x,,point
36,dtheta_y,,point
36,dtheta_z,,point
36,dx,,point
36,dy,,point
36,dz,,point
36,theta_x,,point
36,theta_y,,point
36,theta_z,,point
36,x,,point
36,y,,point
36,z,,point
37,Mx_i,4.18448315325462,point
37,Mx_j,3.945978074770761,point
37,My_i,0.0,point
37,My_j,0.0,point
37,Mz_i,1.524174619401703e-13,point
37,Mz_j,-1.524174619401703e-13,point
37,Vx_i,0.0,point
37,Vx_j,0.0,point
37,Vy_i,-2.0453990510755675,point
37,Vy_j,2.0453990510755675,point
37,Vz_i,0.0,point
37,Vz_j,0.0,point
37,ddtheta_x,,point
37,ddtheta_y,,point
37,ddtheta_z,,point
37,ddx,,point
37,ddy,,point
37,ddz,,point
37,dtheta_x,,point
37,dtheta_y,,point
37,dtheta_z,,point
37,dx,,point
37,dy,,point
37,dz,,point
37,theta_x,,point
37,theta_y,,point
37,theta_z,,point
37,x,,point
37,y,,point
37,z,,point
38,Mx_i,-1.294621568806945,point
38,Mx_j,7.172153293045461,point
38,My_i,-0.0,point
38,My_j,0.0,point
38,Mz_i,-4.180494968498745e-13,point
38,Mz_j,4.180494968498745e-13,point
38,Vx_i,0.0,point
38,Vx_j,0.0,point
38,Vy_i,-1.4786243331417646,point
38,Vy_j,1.4786243331417646,point
38,Vz_i,0.0,point
38,Vz_j,0.0,point
38,ddtheta_x,,point
38,ddtheta_y,,point
38,ddtheta_z,,point
38,ddx,,point
38,ddy,,point
38,ddz,,point
38,dtheta_x,,point
38,dtheta_y,,point
38,dtheta_z,,point
38,dx,,point
38,dy,,point
38,dz,,point
38,theta_x,,point
38,theta_y,,point
38,theta_z,,point
38,x,,point
38,y,,point
38,z,,point
39,Mx_i,-5.485224954315158,point
39,Mx_j,1.4595532711352392,point
39,My_i,-0.0,point
39,My_j,0.0,point
39,Mz_i,-1.2937916515863525e-12,point
39,Mz_j,1.2937916515863525e-12,point
39,Vx_i,0.0,point
39,Vx_j,0.0,point
39,Vy_i,3.354726402649934,point
39,Vy_j,-3.354726402649934,point
39,Vz_i,0.0,point
39,Vz_j,0.0,point
39,ddtheta_x,,point
39,ddtheta_y,,point
39,ddtheta_z,,point
39,ddx,,point
39,ddy,,point
39,ddz,,point
39,dtheta_x,,point
39,dtheta_y,,point
39,dtheta_z,,point
39,dx,,point
39,dy,,point
39,dz,,point
39,theta_x,,point
39,theta_y,,point
39,theta_z,,point
39,x,,point
39,y,,point
39,z,,point
40,Mx_i,1.400351497400568,point
40,Mx_j,-1.400351497400568,point
40,My_i,0.0,point
40,My_j,0.0,point
40,Mz_i,13.416451738649508,point
40,Mz_j,-14.784419920525185,point
40,Vx_i,0.0,point
40,Vx_j,0.0,point
40,Vy_i,-0.49246460575839734,point
40,Vy_j,0.49246460575839734,point
40,Vz_i,0.0,point
40,Vz_j,0.0,point
40,ddtheta_x,,point
40,ddtheta_y,,point
40,ddtheta_z,,point
40,ddx,,point
40,ddy,,point
40,ddz,,point
40,dtheta_x,,point
40,dtheta_y,,point
40,dtheta_z,,point
40,dx,,point
40,dy,,point
40,dz,,point
40,theta_x,,point
40,theta_y,,point
40,theta_z,,point
40,x,,point
40,y,,point
40,z,,point
41,Mx_i,1.420531980966621,point
41,Mx_j,-1.420531980966621,point
41,My_i,0.0,point
41,My_j,0.0,point
41,Mz_i,14.979118955342948,point
41,Mz_j,-16.552900545245684,point
41,Vx_i,0.0,point
41,Vx_j,0.0,point
41,Vy_i,-0.5665568399102657,point
41,Vy_j,0.5665568399102657,point
41,Vz_i,0.0,point
41,Vz_j,0.0,point
41,ddtheta_x,,point
41,ddtheta_y,,point
41,ddtheta_z,,point
41,ddx,,point
41,ddy,,point
41,ddz,,point
41,dtheta_x,,point
41,dtheta_y,,point
41,dtheta_z,,point
41,dx,,point
41,dy,,point
41,dz,,point
41,theta_x,,point
41,theta_y,,point
41,theta_z,,point
41,x,,point
41,y,,point
41,z,,point
42,Mx_i,1.4256669154886514,point
42,Mx_j,-1.4256669154886514,point
42,My_i,0.0,point
42,My_j,0.0,point
42,Mz_i,20.434362938016356,point
42,Mz_j,-22.989483648428113,point
42,Vx_i,0.0,point
42,Vx_j,0.0,point
42,Vy_i,-0.9198360970594556,point
42,Vy_j,0.9198360970594556,point
42,Vz_i,0.0,point
42,Vz_j,0.0,point
42,ddtheta_x,,point
42,ddtheta_y,,point
42,ddtheta_z,,point
42,ddx,,point
42,ddy,,point
42,ddz,,point
42,dtheta_x,,point
42,dtheta_y,,point
42,dtheta_z,,point
42,dx,,point
42,dy,,point
42,dz,,point
42,theta_x,,point
42,theta_y,,point
42,theta_z,,point
42,x,,point
42,y,,point
42,z,,point
43,Mx_i,1.219631213691633,point
43,Mx_j,-1.219631213691633,point
43,My_i,0.0,point
43,My_j,0.0,point
43,Mz_i,25.042259232914063,point
43,Mz_j,-28.002903990914742,point
43,Vx_i,0.0,point
43,Vx_j,0.0,point
43,Vy_i,-1.065823586291554,point
43,Vy_j,1.065823586291554,point
43,Vz_i,0.0,point
43,Vz_j,0.0,point
43,ddtheta_x,,point
43,ddtheta_y,,point
43,ddtheta_z,,point
43,ddx,,point
43,ddy,,point
43,ddz,,point
43,dtheta_x,,point
43,dtheta_y,,point
43,dtheta_z,,point
43,dx,,point
43,dy,,point
43,dz,,point
43,theta_x,,point
43,theta_y,,point
43,theta_z,,point
43,x,,point
43,y,,point
43,z,,point
44,Mx_i,1.1697983394362645,point
44,Mx_j,-1.1697983394362645,point
44,My_i,0.0,point
44,My_j,0.0,point
44,Mz_i,26.12754046800766,point
44,Mz_j,-28.78126967259958,point
44,Vx_i,0.0,point
44,Vx_j,0.0,point
44,Vy_i,-0.9553348709741238,point
44,Vy_j,0.9553348709741238,point
44,Vz_i,0.0,point
44,Vz_j,0.0,point
44,ddtheta_x,,point
44,ddtheta_y,,point
44,ddtheta_z,,point
44,ddx,,point
44,ddy,,point
44,ddz,,point
44,dtheta_x,,point
44,dtheta_y,,point
44,dtheta_z,,point
44,dx,,point
44,dy,,point
44,dz,,point
44,theta_x,,point
44,theta_y,,point
44,theta_z,,point
44,x,,point
44,y,,point
44,z,,point
45,Mx_i,1.6294359942779402,point
45,Mx_j,-0.8450745735553267,point
45,My_i,0.0,point
45,My_j,-0.0,point
45,Mz_i,6.025245234133584e-12,point
45,Mz_j,-6.025245234133584e-12,point
45,Vx_i,0.0,point
45,Vx_j,0.0,point
45,Vy_i,-0.6536345172688446,point
45,Vy_j,0.6536345172688446,point
45,Vz_i,0.0,point
45,Vz_j,0.0,point
45,ddtheta_x,,point
45,ddtheta_y,,point
45,ddtheta_z,,point
45,ddx,,point
45,ddy,,point
45,ddz,,point
45,dtheta_x,,point
45,dtheta_y,,point
45,dtheta_z,,point
45,dx,,point
45,dy,,point
45,dz,,point
45,theta_x,,point
45,theta_y,,point
45,theta_z,,point
45,x,,point
45,y,,point
45,z,,point
46,Mx_i,2.448306033478514,point
46,Mx_j,2.2052020366456135,point
46,My_i,0.0,point
46,My_j,0.0,point
46,Mz_i,6.393733445649687e-12,point
46,Mz_j,-6.393733445649687e-12,point
46,Vx_i,0.0,point
46,Vx_j,0.0,point
46,Vy_i,-1.1706938541192773,point
46,Vy_j,1.1706938541192773,point
46,Vz_i,0.0,point
46,Vz_j,0.0,point
46,ddtheta_x,,point
46,ddtheta_y,,point
46,ddtheta_z,,point
46,ddx,,point
46,ddy,,point
46,ddz,,point
46,dtheta_x,,point
46,dtheta_y,,point
46,dtheta_z,,point
46,dx,,point
46,dy,,point
46,dz,,point
46,theta_x,,point
46,theta_y,,point
46,theta_z,,point
46,x,,point
46,y,,point
46,z,,point
47,Mx_i,-0.6597356031299659,point
47,Mx_j,3.618275458481829,point
47,My_i,0.0,point
47,My_j,0.0,point
47,Mz_i,5.202441866873638e-12,point
47,Mz_j,-5.202441866873638e-12,point
47,Vx_i,0.0,point
47,Vx_j,0.0,point
47,Vy_i,-0.7442867560633616,point
47,Vy_j,0.7442867560633616,point
47,Vz_i,0.0,point
47,Vz_j,0.0,point
47,ddtheta_x,,point
47,ddtheta_y,,point
47,ddtheta_z,,point
47,ddx,,point
47,ddy,,point
47,ddz,,point
47,dtheta_x,,point
47,dtheta_y,,point
47,dtheta_z,,point
47,dx,,point
47,dy,,point
47,dz,,point
47,theta_x,,point
47,theta_y,,point
47,theta_z,,point
47,x,,point
47,y,,point
47,z,,point
48,Mx_i,-1.7824069130782083,point
48,Mx_j,1.9141221903229677,point
48,My_i,0.0,point
48,My_j,0.0,point
48,Mz_i,3.666768898682104e-12,point
48,Mz_j,-3.666768898682104e-12,point
48,Vx_i,0.0,point
48,Vx_j,0.0,point
48,Vy_i,-0.10976273103729957,point
48,Vy_j,0.10976273103729957,point
48,Vz_i,0.0,point
48,Vz_j,0.0,point
48,ddtheta_x,,point
48,ddtheta_y,,point
48,ddtheta_z,,point
48,ddx,,point
48,ddy,,point
48,ddz,,point
48,dtheta_x,,point
48,dtheta_y,,point
48,dtheta_z,,point
48,dx,,point
48,dy,,point
48,dz,,point
48,theta_x,,point
48,theta_y,,point
48,theta_z,,point
48,x,,point
48,y,,point
48,z,,point
49,Mx_i,-1.138948491943301,point
49,Mx_j,1.138948491943301,point
49,My_i,-0.0,point
49,My_j,0.0,point
49,Mz_i,14.784419920525096,point
49,Mz_j,-13.833223576738197,point
49,Vx_i,0.0,point
49,Vx_j,0.0,point
49,Vy_i,0.34242794433972895,point
49,Vy_j,-0.34242794433972895,point
49,Vz_i,0.0,point
49,Vz_j,0.0,point
49,ddtheta_x,,point
49,ddtheta_y,,point
49,ddtheta_z,,point
49,ddx,,point
49,ddy,,point
49,ddz,,point
49,dtheta_x,,point
49,dtheta_y,,point
49,dtheta_z,,point
49,dx,,point
49,dy,,point
49,dz,,point
49,theta_x,,point
49,theta_y,,point
49,theta_z,,point
49,x,,point
49,y,,point
49,z,,point
50,Mx_i,-1.2265222430640272,point
50,Mx_j,1.2265222430640272,point
50,My_i,-0.0,point
50,My_j,0.0,point
50,Mz_i,16.552900545245052,point
50,Mz_j,-14.764137176752637,point
50,Vx_i,0.0,point
50,Vx_j,0.0,point
50,Vy_i,0.643949661059981,point
50,Vy_j,-0.643949661059981,point
50,Vz_i,0.0,point
50,Vz_j,0.0,point
50,ddtheta_x,,point
50,ddtheta_y,,point
50,ddtheta_z,,point
50,ddx,,point
50,ddy,,point
50,ddz,,point
50,dtheta_x,,point
50,dtheta_y,,point
50,dtheta_z,,point
50,dx,,point
50,dy,,point
50,dz,,point
50,theta_x,,point
50,theta_y,,point
50,theta_z,,point
50,x,,point
50,y,,point
50,z,,point
51,Mx_i,-1.225689590474527,point
51,Mx_j,1.225689590474527,point
51,My_i,-0.0,point
51,My_j,0.0,point
51,Mz_i,22.989483648428354,point
51,Mz_j,-17.475308151452275,point
51,Vx_i,0.0,point
51,Vx_j,0.0,point
51,Vy_i,1.9850872982130034,point
51,Vy_j,-1.9850872982130034,point
51,Vz_i,0.0,point
51,Vz_j,0.0,point
51,ddtheta_x,,point
51,ddtheta_y,,point
51,ddtheta_z,,point
51,ddx,,point
51,ddy,,point
51,ddz,,point
51,dtheta_x,,point
51,dtheta_y,,point
51,dtheta_z,,point
51,dx,,point
51,dy,,point
51,dz,,point
51,theta_x,,point
51,theta_y,,point
51,theta_z,,point
51,x,,point
51,y,,point
51,z,,point
52,Mx_i,-0.4672971250371263,point
52,Mx_j,0.4672971250371263,point
52,My_i,-0.0,point
52,My_j,0.0,point
52,Mz_i,28.00290399091538,point
52,Mz_j,-20.69971344163723,point
52,Vx_i,0.0,point
52,Vx_j,0.0,point
52,Vy_i,2.6291275647196177,point
52,Vy_j,-2.6291275647196177,point
52,Vz_i,0.0,point
52,Vz_j,0.0,point
52,ddtheta_x,,point
52,ddtheta_y,,point
52,ddtheta_z,,point
52,ddx,,point
52,ddy,,point
52,ddz,,point
52,dtheta_x,,point
52,dtheta_y,,point
52,dtheta_z,,point
52,dx,,point
52,dy,,point
52,dz,,point
52,theta_x,,point
52,theta_y,,point
52,theta_z,,point
52,x,,point
52,y,,point
52,z,,point
53,Mx_i,-0.28975493170125616,point
53,Mx_j,0.28975493170125616,point
53,My_i,-0.0,point
53,My_j,0.0,point
53,Mz_i,28.78126967259743,point
53,Mz_j,-22.116239875934294,point
53,Vx_i,0.0,point
53,Vx_j,0.0,point
53,Vy_i,2.399391531666476,point
53,Vy_j,-2.399391531666476,point
53,Vz_i,0.0,point
53,Vz_j,0.0,point
53,ddtheta_x,,point
53,ddtheta_y,,point
53,ddtheta_z,,point
53,ddx,,point
53,ddy,,point
53,ddz,,point
53,dtheta_x,,point
53,dtheta_y,,point
53,dtheta_z,,point
53,dx,,point
53,dy,,point
53,dz,,point
53,theta_x,,point
53,theta_y,,point
53,theta_z,,point
53,x,,point
53,y,,point
53,z,,point
54,Mx_i,0.8699248608253806,point
54,Mx_j,-0.4817962407461295,point
54,My_i,0.0,point
54,My_j,-0.0,point
54,Mz_i,9.197535465754615e-12,point
54,Mz_j,-9.197535465754615e-12,point
54,Vx_i,0.0,point
54,Vx_j,0.0,point
54,Vy_i,-0.32344051673270924,point
54,Vy_j,0.32344051673270924,point
54,Vz_i,0.0,point
54,Vz_j,0.0,point
54,ddtheta_x,,point
54,ddtheta_y,,point
54,ddtheta_z,,point
54,ddx,,point
54,ddy,,point
54,ddz,,point
54,dtheta_x,,point
54,dtheta_y,,point
54,dtheta_z,,point
54,dx,,point
54,dy,,point
54,dz,,point
54,theta_x,,point
54,theta_y,,point
54,theta_z,,point
54,x,,point
54,y,,point
54,z,,point
55,Mx_i,1.3305470579421317,point
55,Mx_j,0.7637955464719283,point
55,My_i,0.0,point
55,My_j,0.0,point
55,Mz_i,9.339601130385613e-12,point
55,Mz_j,-9.339601130385613e-12,point
55,Vx_i,0.0,point
55,Vx_j,0.0,point
55,Vy_i,-0.5268786426198893,point
55,Vy_j,0.5268786426198893,point
55,Vz_i,0.0,point
55,Vz_j,0.0,point
55,ddtheta_x,,point
55,ddtheta_y,,point
55,ddtheta_z,,point
55,ddx,,point
55,ddy,,point
55,ddz,,point
55,dtheta_x,,point
55,dtheta_y,,point
55,dtheta_z,,point
55,dx,,point
55,dy,,point
55,dz,,point
55,theta_x,,point
55,theta_y,,point
55,theta_z,,point
55,x,,point
55,y,,point
55,z,,point
56,Mx_i,0.15272868625001346,point
56,Mx_j,1.8459289260870573,point
56,My_i,0.0,point
56,My_j,0.0,point
56,Mz_i,8.77615031354152e-12,point
56,Mz_j,-8.77615031354152e-12,point
56,Vx_i,0.0,point
56,Vx_j,0.0,point
56,Vy_i,-0.5028069464998919,point
56,Vy_j,0.5028069464998919,point
56,Vz_i,0.0,point
56,Vz_j,0.0,point
56,ddtheta_x,,point
56,ddtheta_y,,point
56,ddtheta_z,,point
56,ddx,,point
56,ddy,,point
56,ddz,,point
56,dtheta_x,,point
56,dtheta_y,,point
56,dtheta_z,,point
56,dx,,point
56,dy,,point
56,dz,,point
56,theta_x,,point
56,theta_y,,point
56,theta_z,,point
56,x,,point
56,y,,point
56,z,,point
57,Mx_i,-0.716346655475171,point
57,Mx_j,1.1636343128390934,point
57,My_i,0.0,point
57,My_j,0.0,point
57,Mz_i,8.217446282290668e-12,point
57,Mz_j,-8.217446282290668e-12,point
57,Vx_i,0.0,point
57,Vx_j,0.0,point
57,Vy_i,-0.37273971446993553,point
57,Vy_j,0.37273971446993553,point
57,Vz_i,0.0,point
57,Vz_j,0.0,point
57,ddtheta_x,,point
57,ddtheta_y,,point
57,ddtheta_z,,point
57,ddx,,point
57,ddy,,point
57,ddz,,point
57,dtheta_x,,point
57,dtheta_y,,point
57,dtheta_z,,point
57,dx,,point
57,dy,,point
57,dz,,point
57,theta_x,,point
57,theta_y,,point
57,theta_z,,point
57,x,,point
57,y,,point
57,z,,point
58,Mx_i,-2.7683844862164158,point
58,Mx_j,2.7683844862164158,point
58,My_i,-0.0,point
58,My_j,0.0,point
58,Mz_i,13.833223576732196,point
58,Mz_j,-11.066361270870999,point
58,Vx_i,0.0,point
58,Vx_j,0.0,point
58,Vy_i,0.9960624616103384,point
58,Vy_j,-0.9960624616103384,point
58,Vz_i,0.0,point
58,Vz_j,0.0,point
58,ddtheta_x,,point
58,ddtheta_y,,point
58,ddtheta_z,,point
58,ddx,,point
58,ddy,,point
58,ddz,,point
58,dtheta_x,,point
58,dtheta_y,,point
58,dtheta_z,,point
58,dx,,point
58,dy,,point
58,dz,,point
58,theta_x,,point
58,theta_y,,point
58,theta_z,,point
58,x,,point
58,y,,point
58,z,,point
59,Mx_i,-2.8297537029865767,point
59,Mx_j,2.8297537029865767,point
59,My_i,-0.0,point
59,My_j,0.0,point
59,Mz_i,14.764137176752294,point
59,Mz_j,-11.539086382327918,point
59,Vx_i,0.0,point
59,Vx_j,0.0,point
59,Vy_i,1.1610089979207925,point
59,Vy_j,-1.1610089979207925,point
59,Vz_i,0.0,point
59,Vz_j,0.0,point
59,ddtheta_x,,point
59,ddtheta_y,,point
59,ddtheta_z,,point
59,ddx,,point
59,ddy,,point
59,ddz,,point
59,dtheta_x,,point
59,dtheta_y,,point
59,dtheta_z,,point
59,dx,,point
59,dy,,point
59,dz,,point
59,theta_x,,point
59,theta_y,,point
59,theta_z,,point
59,x,,point
59,y,,point
59,z,,point
60,Mx_i,-2.7711560239901214,point
60,Mx_j,2.7711560239901214,point
60,My_i,-0.0,point
60,My_j,0.0,point
60,Mz_i,17.475308151452886,point
60,Mz_j,-13.145606291454381,point
60,Vx_i,0.0,point
60,Vx_j,0.0,point
60,Vy_i,1.5586802001578608,point
60,Vy_j,-1.5586802001578608,point
60,Vz_i,0.0,point
60,Vz_j,0.0,point
60,ddtheta_x,,point
60,ddtheta_y,,point
60,ddtheta_z,,point
60,ddx,,point
60,ddy,,point
60,ddz,,point
60,dtheta_x,,point
60,dtheta_y,,point
60,dtheta_z,,point
60,dx,,point
60,dy,,point
60,dz,,point
60,theta_x,,point
60,theta_y,,point
60,theta_z,,point
60,x,,point
60,y,,point
60,z,,point
61,Mx_i,-2.3031656704394092,point
61,Mx_j,2.3031656704394092,point
61,My_i,-0.0,point
61,My_j,0.0,point
61,Mz_i,20.69971344163894,point
61,Mz_j,-15.159103729074257,point
61,Vx_i,0.0,point
61,Vx_j,0.0,point
61,Vy_i,1.9946035396949693,point
61,Vy_j,-1.9946035396949693,point
61,Vz_i,0.0,point
61,Vz_j,0.0,point
61,ddtheta_x,,point
61,ddtheta_y,,point
61,ddtheta_z,,point
61,ddx,,point
61,ddy,,point
61,ddz,,point
61,dtheta_x,,point
61,dtheta_y,,point
61,dtheta_z,,point
61,dx,,point
61,dy,,point
61,dz,,point
61,theta_x,,point
61,theta_y,,point
61,theta_z,,point
61,x,,point
61,y,,point
61,z,,point
62,Mx_i,-2.2038771220290427,point
62,Mx_j,2.2038771220290427,point
62,My_i,-0.0,point
62,My_j,0.0,point
62,Mz_i,22.116239875937765,point
62,Mz_j,-15.756108993548132,point
62,Vx_i,0.0,point
62,Vx_j,0.0,point
62,Vy_i,2.2896288006298633,point
62,Vy_j,-2.2896288006298633,point
62,Vz_i,0.0,point
62,Vz_j,0.0,point
62,ddtheta_x,,point
62,ddtheta_y,,point
62,ddtheta_z,,point
62,ddx,,point
62,ddy,,point
62,ddz,,point
62,dtheta_x,,point
62,dtheta_y,,point
62,dtheta_z,,point
62,dx,,point
62,dy,,point
62,dz,,point
62,theta_x,,point
62,theta_y,,point
62,theta_z,,point
62,x,,point
62,y,,point
62,z,,point
63,Mx_i,0.28071565883445215,point
63,Mx_j,-0.3356352574455005,point
63,My_i,0.0,point
63,My_j,-0.0,point
63,Mz_i,1.105208376684333e-11,point
63,Mz_j,-1.105208376684333e-11,point
63,Vx_i,0.0,point
63,Vx_j,0.0,point
63,Vy_i,0.045766332175873614,point
63,Vy_j,-0.045766332175873614,point
63,Vz_i,0.0,point
63,Vz_j,0.0,point
63,ddtheta_x,,point
63,ddtheta_y,,point
63,ddtheta_z,,point
63,ddx,,point
63,ddy,,point
63,ddz,,point
63,dtheta_x,,point
63,dtheta_y,,point
63,dtheta_z,,point
63,dx,,point
63,dy,,point
63,dz,,point
63,theta_x,,point
63,theta_y,,point
63,theta_z,,point
63,x,,point
63,y,,point
63,z,,point
64,Mx_i,0.7146984050991128,point
64,Mx_j,0.19862462465144937,point
64,My_i,0.0,point
64,My_j,0.0,point
64,Mz_i,1.1209237934753842e-11,point
64,Mz_j,-1.1209237934753842e-11,point
64,Vx_i,0.0,point
64,Vx_j,0.0,point
64,Vy_i,-0.22976679993724833,point
64,Vy_j,0.22976679993724833,point
64,Vz_i,0.0,point
64,Vz_j,0.0,point
64,ddtheta_x,,point
64,ddtheta_y,,point
64,ddtheta_z,,point
64,ddx,,point
64,ddy,,point
64,ddz,,point
64,dtheta_x,,point
64,dtheta_y,,point
64,dtheta_z,,point
64,dx,,point
64,dy,,point
64,dz,,point
64,theta_x,,point
64,theta_y,,point
64,theta_z,,point
64,x,,point
64,y,,point
64,z,,point
65,Mx_i,0.5372958520959659,point
65,Mx_j,0.8225010739302516,point
65,My_i,0.0,point
65,My_j,0.0,point
65,Mz_i,1.089833833119691e-11,point
65,Mz_j,-1.089833833119691e-11,point
65,Vx_i,0.0,point
65,Vx_j,0.0,point
65,Vy_i,-0.3420872769877276,point
65,Vy_j,0.3420872769877276,point
65,Vz_i,0.0,point
65,Vz_j,0.0,point
65,ddtheta_x,,point
65,ddtheta_y,,point
65,ddtheta_z,,point
65,ddx,,point
65,ddy,,point
65,ddz,,point
65,dtheta_x,,point
65,dtheta_y,,point
65,dtheta_z,,point
65,dx,,point
65,dy,,point
65,dz,,point
65,theta_x,,point
65,theta_y,,point
65,theta_z,,point
65,x,,point
65,y,,point
65,z,,point
66,Mx_i,-0.39249459426361955,point
66,Mx_j,0.29398531690382484,point
66,My_i,0.0,point
66,My_j,0.0,point
66,Mz_i,1.0587224717306712e-11,point
66,Mz_j,-1.0587224717306712e-11,point
66,Vx_i,0.0,point
66,Vx_j,0.0,point
66,Vy_i,0.08209106446649563,point
66,Vy_j,-0.08209106446649563,point
66,Vz_i,0.0,point
66,Vz_j,0.0,point
66,ddtheta_x,,point
66,ddtheta_y,,point
66,ddtheta_z,,point
66,ddx,,point
66,ddy,,point
66,ddz,,point
66,dtheta_x,,point
66,dtheta_y,,point
66,dtheta_z,,point
66,dx,,point
66,dy,,point
66,dz,,point
66,theta_x,,point
66,theta_y,,point
66,theta_z,,point
66,x,,point
66,y,,point
66,z,,point
67,Mx_i,-3.638309347037651,point
67,Mx_j,3.638309347037651,point
67,My_i,-0.0,point
67,My_j,0.0,point
67,Mz_i,11.066361270862078,point
67,Mz_j,-7.401177847915154,point
67,Vx_i,0.0,point
67,Vx_j,0.0,point
67,Vy_i,1.319502978344285,point
67,Vy_j,-1.319502978344285,point
67,Vz_i,0.0,point
67,Vz_j,0.0,point
67,ddtheta_x,,point
67,ddtheta_y,,point
67,ddtheta_z,,point
67,ddx,,point
67,ddy,,point
67,ddz,,point
67,dtheta_x,,point
67,dtheta_y,,point
67,dtheta_z,,point
67,dx,,point
67,dy,,point
67,dz,,point
67,theta_x,,point
67,theta_y,,point
67,theta_z,,point
67,x,,point
67,y,,point
67,z,,point
68,Mx_i,-3.6785045201813253,point
68,Mx_j,3.6785045201813253,point
68,My_i,-0.0,point
68,My_j,0.0,point
68,Mz_i,11.539086382328113,point
68,Mz_j,-7.749061606519055,point
68,Vx_i,0.0,point
68,Vx_j,0.0,point
68,Vy_i,1.3644471238107263,point
68,Vy_j,-1.3644471238107263,point
68,Vz_i,0.0,point
68,Vz_j,0.0,point
68,ddtheta_x,,point
68,ddtheta_y,,point
68,ddtheta_z,,point
68,ddx,,point
68,ddy,,point
68,ddz,,point
68,dtheta_x,,point
68,dtheta_y,,point
68,dtheta_z,,point
68,dx,,point
68,dy,,point
68,dz,,point
68,theta_x,,point
68,theta_y,,point
68,theta_z,,point
68,x,,point
68,y,,point
68,z,,point
69,Mx_i,-3.687680256712335,point
69,Mx_j,3.687680256712335,point
69,My_i,-0.0,point
69,My_j,0.0,point
69,Mz_i,13.145606291454918,point
69,Mz_j,-8.882924249789717,point
69,Vx_i,0.0,point
69,Vx_j,0.0,point
69,Vy_i,1.5346085040375836,point
69,Vy_j,-1.5346085040375836,point
69,Vz_i,0.0,point
69,Vz_j,0.0,point
69,ddtheta_x,,point
69,ddtheta_y,,point
69,ddtheta_z,,point
69,ddx,,point
69,ddy,,point
69,ddz,,point
69,dtheta_x,,point
69,dtheta_y,,point
69,dtheta_z,,point
69,dx,,point
69,dy,,point
69,dz,,point
69,theta_x,,point
69,theta_y,,point
69,theta_z,,point
69,x,,point
69,y,,point
69,z,,point
70,Mx_i,-3.4327479410484623,point
70,Mx_j,3.4327479410484623,point
70,My_i,-0.0,point
70,My_j,0.0,point
70,Mz_i,15.159103729074419,point
70,Mz_j,-9.979981227285595,point
70,Vx_i,0.0,point
70,Vx_j,0.0,point
70,Vy_i,1.864536307660589,point
70,Vy_j,-1.864536307660589,point
70,Vz_i,0.0,point
70,Vz_j,0.0,point
70,ddtheta_x,,point
70,ddtheta_y,,point
70,ddtheta_z,,point
70,ddx,,point
70,ddy,,point
70,ddz,,point
70,dtheta_x,,point
70,dtheta_y,,point
70,dtheta_z,,point
70,dx,,point
70,dy,,point
70,dz,,point
70,theta_x,,point
70,theta_y,,point
70,theta_z,,point
70,x,,point
70,y,,point
70,z,,point
71,Mx_i,-3.3675114348659942,point
71,Mx_j,3.3675114348659942,point
71,My_i,-0.0,point
71,My_j,0.0,point
71,Mz_i,15.75610899355632,point
71,Mz_j,-10.431566178940418,point
71,Vx_i,0.0,point
71,Vx_j,0.0,point
71,Vy_i,1.9168890861561347,point
71,Vy_j,-1.9168890861561347,point
71,Vz_i,0.0,point
71,Vz_j,0.0,point
71,ddtheta_x,,point
71,ddtheta_y,,point
71,ddtheta_z,,point
71,ddx,,point
71,ddy,,point
71,ddz,,point
71,dtheta_x,,point
71,dtheta_y,,point
71,dtheta_z,,point
71,dx,,point
71,dy,,point
71,dz,,point
71,theta_x,,point
71,theta_y,,point
71,theta_z,,point
71,x,,point
71,y,,point
71,z,,point
72,Mx_i,-0.8890306419076816,point
72,Mx_j,1.029345943120949,point
72,My_i,0.0,point
72,My_j,0.0,point
72,Mz_i,1.032528867621327e-11,point
72,Mz_j,-1.032528867621327e-11,point
72,Vx_i,0.0,point
72,Vx_j,0.0,point
72,Vy_i,-0.11692941767772294,point
72,Vy_j,0.11692941767772294,point
72,Vz_i,0.0,point
72,Vz_j,0.0,point
72,ddtheta_x,,point
72,ddtheta_y,,point
72,ddtheta_z,,point
72,ddx,,point
72,ddy,,point
72,ddz,,point
72,dtheta_x,,point
72,dtheta_y,,point
72,dtheta_z,,point
72,dx,,point
72,dy,,point
72,dz,,point
72,theta_x,,point
72,theta_y,,point
72,theta_z,,point
72,x,,point
72,y,,point
72,z,,point
73,Mx_i,-1.4949176416169998,point
73,Mx_j,0.010687490696760893,point
73,My_i,0.0,point
73,My_j,0.0,point
73,Mz_i,1.2743288699956894e-11,point
73,Mz_j,-1.2743288699956894e-11,point
73,Vx_i,0.0,point
73,Vx_j,0.0,point
73,Vy_i,0.37339123293590915,point
73,Vy_j,-0.37339123293590915,point
73,Vz_i,0.0,point
73,Vz_j,0.0,point
73,ddtheta_x,,point
73,ddtheta_y,,point
73,ddtheta_z,,point
73,ddx,,point
73,ddy,,point
73,ddz,,point
73,dtheta_x,,point
73,dtheta_y,,point
73,dtheta_z,,point
73,dx,,point
73,dy,,point
73,dz,,point
73,theta_x,,point
73,theta_y,,point
73,theta_z,,point
73,x,,point
73,y,,point
73,z,,point
74,Mx_i,0.4732581418233677,point
74,Mx_j,-2.339210781848047,point
74,My_i,0.0,point
74,My_j,-0.0,point
74,Mz_i,1.2786835374437797e-11,point
74,Mz_j,-1.2786835374437797e-11,point
74,Vx_i,0.0,point
74,Vx_j,0.0,point
74,Vy_i,0.4694220478049507,point
74,Vy_j,-0.4694220478049507,point
74,Vz_i,0.0,point
74,Vz_j,0.0,point
74,ddtheta_x,,point
74,ddtheta_y,,point
74,ddtheta_z,,point
74,ddx,,point
74,ddy,,point
74,ddz,,point
74,dtheta_x,,point
74,dtheta_y,,point
74,dtheta_z,,point
74,dx,,point
74,dy,,point
74,dz,,point
74,theta_x,,point
74,theta_y,,point
74,theta_z,,point
74,x,,point
74,y,,point
74,z,,point
75,Mx_i,1.6434054905330016,point
75,Mx_j,-1.3522536671417813,point
75,My_i,0.0,point
75,My_j,-0.0,point
75,Mz_i,9.1214238682231e-12,point
75,Mz_j,-9.1214238682231e-12,point
75,Vx_i,0.0,point
75,Vx_j,0.0,point
75,Vy_i,-0.24262651949268368,point
75,Vy_j,0.24262651949268368,point
75,Vz_i,0.0,point
75,Vz_j,0.0,point
75,ddtheta_x,,point
75,ddtheta_y,,point
75,ddtheta_z,,point
75,ddx,,point
75,ddy,,point
75,ddz,,point
75,dtheta_x,,point
75,dtheta_y,,point
75,dtheta_z,,point
75,dx,,point
75,dy,,point
75,dz,,point
75,theta_x,,point
75,theta_y,,point
75,theta_z,,point
75,x,,point
75,y,,point
75,z,,point
76,Mx_i,-3.9190250058728497,point
76,Mx_j,3.9190250058728497,point
76,My_i,-0.0,point
76,My_j,0.0,point
76,Mz_i,7.401177847904409,point
76,Mz_j,-3.862992192169621,point
76,Vx_i,0.0,point
76,Vx_j,0.0,point
76,Vy_i,1.2737366461713546,point
76,Vy_j,-1.2737366461713546,point
76,Vz_i,0.0,point
76,Vz_j,0.0,point
76,ddtheta_x,,point
76,ddtheta_y,,point
76,ddtheta_z,,point
76,ddx,,point
76,ddy,,point
76,ddz,,point
76,dtheta_x,,point
76,dtheta_y,,point
76,dtheta_z,,point
76,dx,,point
76,dy,,point
76,dz,,point
76,theta_x,,point
76,theta_y,,point
76,theta_z,,point
76,x,,point
76,y,,point
76,z,,point
77,Mx_i,-4.057567667836896,point
77,Mx_j,4.057567667836896,point
77,My_i,-0.0,point
77,My_j,0.0,point
77,Mz_i,7.749061606519067,point
77,Mz_j,-3.19352445162576,point
77,Vx_i,0.0,point
77,Vx_j,0.0,point
77,Vy_i,1.6399802559195438,point
77,Vy_j,-1.6399802559195438,point
77,Vz_i,0.0,point
77,Vz_j,0.0,point
77,ddtheta_x,,point
77,ddtheta_y,,point
77,ddtheta_z,,point
77,ddx,,point
77,ddy,,point
77,ddz,,point
77,dtheta_x,,point
77,dtheta_y,,point
77,dtheta_z,,point
77,dx,,point
77,dy,,point
77,dz,,point
77,theta_x,,point
77,theta_y,,point
77,theta_z,,point
77,x,,point
77,y,,point
77,z,,point
78,Mx_i,-4.42360073345971,point
78,Mx_j,4.42360073345971,point
78,My_i,-0.0,point
78,My_j,0.0,point
78,Mz_i,8.882924249789525,point
78,Mz_j,-4.3080849261230245,point
78,Vx_i,0.0,point
78,Vx_j,0.0,point
78,Vy_i,1.6469289810880918,point
78,Vy_j,-1.6469289810880918,point
78,Vz_i,0.0,point
78,Vz_j,0.0,point
78,ddtheta_x,,point
78,ddtheta_y,,point
78,ddtheta_z,,point
78,ddx,,point
78,ddy,,point
78,ddz,,point
78,dtheta_x,,point
78,dtheta_y,,point
78,dtheta_z,,point
78,dx,,point
78,dy,,point
78,dz,,point
78,theta_x,,point
78,theta_y,,point
78,theta_z,,point
78,x,,point
78,y,,point
78,z,,point
79,Mx_i,-3.8627544207130193,point
79,Mx_j,3.8627544207130193,point
79,My_i,-0.0,point
79,My_j,0.0,point
79,Mz_i,9.979981227285517,point
79,Mz_j,-5.9789548687617575,point
79,Vx_i,0.0,point
79,Vx_j,0.0,point
79,Vy_i,1.4403579662048243,point
79,Vy_j,-1.4403579662048243,point
79,Vz_i,0.0,point
79,Vz_j,0.0,point
79,ddtheta_x,,point
79,ddtheta_y,,point
79,ddtheta_z,,point
79,ddx,,point
79,ddy,,point
79,ddz,,point
79,dtheta_x,,point
79,dtheta_y,,point
79,dtheta_z,,point
79,dx,,point
79,dy,,point
79,dz,,point
79,theta_x,,point
79,theta_y,,point
79,theta_z,,point
79,x,,point
79,y,,point
79,z,,point
80,Mx_i,-3.6614967517699655,point
80,Mx_j,3.6614967517699655,point
80,My_i,-0.0,point
80,My_j,0.0,point
80,Mz_i,10.431566178950995,point
80,Mz_j,-4.878799116549356,point
80,Vx_i,0.0,point
80,Vx_j,0.0,point
80,Vy_i,1.9989801506233855,point
80,Vy_j,-1.9989801506233855,point
80,Vz_i,0.0,point
80,Vz_j,0.0,point
80,ddtheta_x,,point
80,ddtheta_y,,point
80,ddtheta_z,,point
80,ddx,,point
80,ddy,,point
80,ddz,,point
80,dtheta_x,,point
80,dtheta_y,,point
80,dtheta_z,,point
80,dx,,point
80,dy,,point
80,dz,,point
80,theta_x,,point
80,theta_y,,point
80,theta_z,,point
80,x,,point
80,y,,point
80,z,,point
81,Mx_i,-3.0299943639650264,point
81,Mx_j,3.0299943639650264,point
81,My_i,-0.0,point
81,My_j,0.0,point
81,Mz_i,3.8629921921593193,point
81,Mz_j,-3.1312730186527915e-12,point
81,Vx_i,0.0,point
81,Vx_j,0.0,point
81,Vy_i,1.3906660638477173,point
81,Vy_j,-1.3906660638477173,point
81,Vz_i,0.0,point
81,Vz_j,0.0,point
81,ddtheta_x,,point
81,ddtheta_y,,point
81,ddtheta_z,,point
81,ddx,,point
81,ddy,,point
81,ddz,,point
81,dtheta_x,,point
81,dtheta_y,,point
81,dtheta_z,,point
81,dx,,point
81,dy,,point
81,dz,,point
81,theta_x,,point
81,theta_y,,point
81,theta_z,,point
81,x,,point
81,y,,point
81,z,,point
82,Mx_i,-3.591995969340273,point
82,Mx_j,3.591995969340273,point
82,My_i,-0.0,point
82,My_j,0.0,point
82,Mz_i,3.193524451623417,point
82,Mz_j,-1.6968648708370893e-12,point
82,Vx_i,0.0,point
82,Vx_j,0.0,point
82,Vy_i,1.149659605306977,point
82,Vy_j,-1.149659605306977,point
82,Vz_i,0.0,point
82,Vz_j,0.0,point
82,ddtheta_x,,point
82,ddtheta_y,,point
82,ddtheta_z,,point
82,ddx,,point
82,ddy,,point
82,ddz,,point
82,dtheta_x,,point
82,dtheta_y,,point
82,dtheta_z,,point
82,dx,,point
82,dy,,point
82,dz,,point
82,theta_x,,point
82,theta_y,,point
82,theta_z,,point
82,x,,point
82,y,,point
82,z,,point
83,Mx_i,-4.907546365979824,point
83,Mx_j,4.907546365979824,point
83,My_i,-0.0,point
83,My_j,0.0,point
83,Mz_i,4.3080849261228105,point
83,Mz_j,-1.3145040611561853e-13,point
83,Vx_i,0.0,point
83,Vx_j,0.0,point
83,Vy_i,1.550898166218835,point
83,Vy_j,-1.550898166218835,point
83,Vz_i,0.0,point
83,Vz_j,0.0,point
83,ddtheta_x,,point
83,ddtheta_y,,point
83,ddtheta_z,,point
83,ddx,,point
83,ddy,,point
83,ddz,,point
83,dtheta_x,,point
83,dtheta_y,,point
83,dtheta_z,,point
83,dx,,point
83,dy,,point
83,dz,,point
83,theta_x,,point
83,theta_y,,point
83,theta_z,,point
83,x,,point
83,y,,point
83,z,,point
84,Mx_i,-3.1669491293968965,point
84,Mx_j,3.1669491293968965,point
84,My_i,-0.0,point
84,My_j,0.0,point
84,Mz_i,5.978954868765367,point
84,Mz_j,2.652988939644274e-12,point
84,Vx_i,0.0,point
84,Vx_j,0.0,point
84,Vy_i,2.15240653350422,point
84,Vy_j,-2.15240653350422,point
84,Vz_i,0.0,point
84,Vz_j,0.0,point
84,ddtheta_x,,point
84,ddtheta_y,,point
84,ddtheta_z,,point
84,ddx,,point
84,ddy,,point
84,ddz,,point
84,dtheta_x,,point
84,dtheta_y,,point
84,dtheta_z,,point
84,dx,,point
84,dy,,point
84,dz,,point
84,theta_x,,point
84,theta_y,,point
84,theta_z,,point
84,x,,point
84,y,,point
84,z,,point
85,Mx_i,-2.309243084626554,point
85,Mx_j,2.309243084626554,point
85,My_i,-0.0,point
85,My_j,0.0,point
85,Mz_i,4.878799116558485,point
85,Mz_j,2.4380497620768438e-12,point
85,Vx_i,0.0,point
85,Vx_j,0.0,point
85,Vy_i,1.7563536311328838,point
85,Vy_j,-1.7563536311328838,point
85,Vz_i,0.0,point
85,Vz_j,0.0,point
85,ddtheta_x,,point
85,ddtheta_y,,point
85,ddtheta_z,,point
85,ddx,,point
85,ddy,,point
85,ddz,,point
85,dtheta_x,,point
85,dtheta_y,,point
85,dtheta_z,,point
85,dx,,point
85,dy,,point
85,dz,,point
85,theta_x,,point
85,theta_y,,point
85,theta_z,,point
85,x,,point
85,y,,point
85,z,,point
